EventID,SimulationYear,InitRow,InitColumn,InitialFireWeatherIndex,InitialDayOfYear,MaximumSpreadArea,IgnitionType,NumberOfDays,TotalSitesBurned,CohortsKilled,AvailableCohorts,MeanWindSpeed,MeanEffectiveWindSpeed,MeanWindDirection,MeanSuppressionEffectiveness,MeanFWI,MeanSpreadProbability,MeanPET,MeanWD,MeanClay,MeanFineFuels,MeanLadderFuels,MeanDNBR,TotalBiomassMortality,
1, 1, 18, 290, 0, 9, 16, Lightning, 357, 35362, 617740, 1702318, 12.1751406316771, 14.0933457565908, 207.934216775674, 3.6803040149182, 23.91, 0.772201728166739, 0, 0, 0.13809985577095, 0.978173186245732, 476.779084893388, 275.01, 272847201, 
2, 1, 65, 639, 0.918974834144251, 13, 140, Lightning, 103, 3011, 60801, 132986, 16.0999281820172, 18.0271272195528, 229.614408155877, 1.38737541528239, 2.68, 0.792816527164037, 0, 0, 0.115578247873988, 0.888595424044723, 539.970441713716, 353.87, 29421472, 
3, 1, 72, 557, 1.90740450347183, 26, 59, Accidental, 1, 10, 142, 344, 10.02033509724, 10.3320950010155, 280.111453435, 8, 2.21, 0.79791995762903, 0, 0, 0.101491197571158, 1, 169.3, 276.2, 49104, 
4, 1, 76, 138, 5.91170425548103, 39, 169, Accidental, 1, 1, 17, 33, 12.7124913816, 12.9581939538245, 170.0468441, NaN, 5.91, NaN, 0, 0, 0.0449949912726879, 1, 0, 279, 5064, 
5, 1, 71, 140, 17.1236104933897, 165, 317, Accidental, 1, 1, 7, 19, 6.5656338984, 8.40499304890926, 126.5033179, NaN, 17.12, NaN, 0, 0, 0.0625586435198784, 1, 0, 290, 2693, 
6, 1, 71, 575, 20.0991139958841, 167, 332, Accidental, 1, 3, 5, 9, 9.3418044468, 9.19616466284128, 160.582397813333, 18, 18.99, 0.819983048471103, 0, 0, 0.0933971914152304, 1, 0, 287, 942, 
